<?xml version="1.0" encoding="utf-8"?>

<Employees>
	<EmployeeDetails>
		<EmpNo>7369</EmpNo>
		<EName>SMITH</EName>
		<Job>CLERK</Job>
		<MGR>7902</MGR>
		<HIREDATE>17-DEC-80</HIREDATE>
		<SAL>1100</SAL>
		<COMM>200</COMM>
		<DEPTNO>20</DEPTNO>
	</EmployeeDetails>
	<EmployeeDetails>
		<EmpNo>7499</EmpNo>
		<EName>ALLEN</EName>
		<Job>SALESMAN</Job>
		<MGR>7698</MGR>
		<HIREDATE>20-FEB-81</HIREDATE>
		<SAL>1600</SAL>
		<COMM>24820</COMM>
		<DEPTNO>30</DEPTNO>
	</EmployeeDetails>
	<EmployeeDetails>
		<EmpNo>7521</EmpNo>
		<EName>WARD</EName>
		<Job>SALESMAN</Job>
		<MGR>7698</MGR>
		<HIREDATE>22-FEB-81</HIREDATE>
		<SAL>1375</SAL>
		<COMM>19700</COMM>
		<DEPTNO>30</DEPTNO>
	</EmployeeDetails>
	<EmployeeDetails>
		<EmpNo>7566</EmpNo>
		<EName>JONES</EName>
		<Job>MANAGER</Job>
		<MGR>7839</MGR>
		<HIREDATE>02-APR-81</HIREDATE>
		<SAL>3175</SAL>
		<COMM></COMM>
		<DEPTNO>20</DEPTNO>
	</EmployeeDetails>
	<EmployeeDetails>
		<EmpNo>7654</EmpNo>
		<EName>MARTIN</EName>
		<Job>SALESMAN</Job>
		<MGR>7698</MGR>
		<HIREDATE>28-SEPT-81</HIREDATE>
		<SAL>1375</SAL>
		<COMM>20600</COMM>
		<DEPTNO>30</DEPTNO>
	</EmployeeDetails>
	<EmployeeDetails>
		<EmpNo>7698</EmpNo>
		<EName>BLAKE</EName>
		<Job>MANAGER</Job>
		<MGR>7839</MGR>
		<HIREDATE>01-MAY-81</HIREDATE>
		<SAL>2850</SAL>
		<COMM></COMM>
		<DEPTNO>30</DEPTNO>
	</EmployeeDetails>
	<EmployeeDetails>
		<EmpNo>7782</EmpNo>
		<EName>CLARK</EName>
		<Job>MANAGER</Job>
		<MGR>7839</MGR>
		<HIREDATE>09-JUN-81</HIREDATE>
		<SAL>2450</SAL>
		<COMM></COMM>
		<DEPTNO>10</DEPTNO>
	</EmployeeDetails>
	<EmployeeDetails>
		<EmpNo>7788</EmpNo>
		<EName>SCOTT</EName>
		<Job>ANALYST</Job>
		<MGR>7566</MGR>
		<HIREDATE>19-APR-87</HIREDATE>
		<SAL>2000</SAL>
		<COMM></COMM>
		<DEPTNO>20</DEPTNO>
	</EmployeeDetails>
	<EmployeeDetails>
		<EmpNo>7839</EmpNo>
		<EName>KING</EName>
		<Job>PRESIDENT</Job>
		<MGR></MGR>
		<HIREDATE>17-NOV-81</HIREDATE>
		<SAL>5000</SAL>
		<COMM></COMM>
		<DEPTNO>10</DEPTNO>
	</EmployeeDetails>
	<EmployeeDetails>
		<EmpNo>7844</EmpNo>
		<EName>TURNER</EName>
		<Job>SALESMAN</Job>
		<MGR>7698</MGR>
		<HIREDATE>08-SEPT-81-81</HIREDATE>
		<SAL>1650</SAL>
		<COMM>23000</COMM>
		<DEPTNO>30</DEPTNO>
	</EmployeeDetails>
	<EmployeeDetails>
		<EmpNo>876</EmpNo>
		<EName>ADAMS</EName>
		<Job>CLERK</Job>
		<MGR>7788</MGR>
		<HIREDATE>23-MAY-87</HIREDATE>
		<SAL>1430</SAL>
		<COMM>200</COMM>
		<DEPTNO>20</DEPTNO>
	</EmployeeDetails>
	<EmployeeDetails>
		<EmpNo>7900</EmpNo>
		<EName>JAMES</EName>
		<Job>CLERK</Job>
		<MGR>7698</MGR>
		<HIREDATE>03-DEC-81</HIREDATE>
		<SAL>1045</SAL>
		<COMM>200</COMM>
		<DEPTNO>30</DEPTNO>
	</EmployeeDetails>
	<EmployeeDetails>
		<EmpNo>7902</EmpNo>
		<EName>FORD</EName>
		<Job>ANALYST</Job>
		<MGR>7566</MGR>
		<HIREDATE>03-DEC-81</HIREDATE>
		<SAL>3200</SAL>
		<COMM></COMM>
		<DEPTNO>20</DEPTNO>
	</EmployeeDetails>
	<EmployeeDetails>
		<EmpNo>7934</EmpNo>
		<EName>MILLER</EName>
		<Job>CLERK</Job>
		<MGR>7782</MGR>
		<HIREDATE>23-JAN-81</HIREDATE>
		<SAL>1430</SAL>
		<COMM>200</COMM>
		<DEPTNO>10</DEPTNO>
	</EmployeeDetails>
</Employees>