<?xml version="1.0" encoding="utf-8"?>

<EmployeeDetails>
	<Employee>
		<Employeecode>1111</Employeecode>
		<EmployeeName>
				<FirstName>Seema</FirstName>
				<LastName>Dalvi</LastName>
		</EmployeeName>
		<DOJ>1997-08-09</DOJ>
		<TotalExperience>12</TotalExperience>
		<Department></Department>
			<Unit>3d</Unit>
			<Location>Mumbai</Location>
		<Designation>4</Designation>	
		<Salary>21000</Salary>
		<Grade>b</Grade>
	</Employee>
	<Employee>
		<Employeecode>222</Employeecode>
		<EmployeeName>
				<FirstName>Bharati</FirstName>
				<LastName>Mantri</LastName>
		</EmployeeName>
		<DOJ>1999-01-12</DOJ>
		<TotalExperience>5</TotalExperience>
		<Department></Department>
			<Unit>4a</Unit>
			<Location>Pune</Location>
		<Designation>2</Designation>	
		<Salary>12000</Salary>
		<Grade>a</Grade>
	</Employee>
</EmployeeDetails>

	
	